unique_id,std,mean,max,min,var,med,skew,kurt,ent,mom,pow
60269dbe0,69.49801254272461,-14.000540256500244,269.06000264485675,-231.82667287190756,5387.648681640625,-18.656667709350586,0.8929263999064764,6.30525803565979,5.347368837447182,184421041.33333334,560567985520.4305
